{"cameraMode":{"drawMode":0,"name":"Shaded","section":"Shading Mode"},"sceneLighting":true,"audioPlay":false,"sceneViewState":{"m_AlwaysRefresh":false,"showFog":true,"showSkybox":true,"showFlares":true,"showImageEffects":true,"showParticleSystems":true,"showVisualEffectGraphs":true,"m_FxEnabled":true},"in2DMode":false,"pivot":{"x":4.942314147949219,"y":0.6243271827697754,"z":-0.15147614479064942},"rotation":{"x":0.6017265319824219,"y":0.04426208510994911,"z":-0.03342800214886665,"w":0.7967967987060547},"size":5.4434309005737309,"orthographic":false}